<?xml version="1.0" encoding="UTF-8" standalone="yes"?>
<OfficeApp xmlns="http://schemas.microsoft.com/office/appforoffice/1.1" xmlns:xsi="http://www.w3.org/2001/XMLSchema-instance" xmlns:bt="http://schemas.microsoft.com/office/officeappbasictypes/1.0" xmlns:mailappor="http://schemas.microsoft.com/office/mailappversionoverrides/1.0" xsi:type="MailApp">
  <Id>cf0fe6e5-d6eb-4128-876b-69f962f342c4</Id>
  <Version>1.0.0.0</Version>
  <ProviderName>Contoso</ProviderName>
  <DefaultLocale>en-US</DefaultLocale>
  <DisplayName DefaultValue="MyAEvents"/>
  <Description DefaultValue="A template to get started."/>
  <IconUrl DefaultValue="https://localhost:3000/assets/icon-64.png"/>
  <HighResolutionIconUrl DefaultValue="https://localhost:3000/assets/icon-128.png"/>
  <SupportUrl DefaultValue="https://www.contoso.com/help"/>
  <AppDomains>
    <AppDomain>https://www.contoso.com</AppDomain>
  </AppDomains>
  <Hosts>
    <Host Name="Mailbox"/>
  </Hosts>
  <Requirements>
    <Sets>
      <Set Name="Mailbox" MinVersion="1.11"/>
    </Sets>
  </Requirements>
  <FormSettings>
    <Form xsi:type="ItemRead">
      <DesktopSettings>
        <SourceLocation DefaultValue="https://localhost:3000/taskpane.html"/>
        <RequestedHeight>250</RequestedHeight>
      </DesktopSettings>
    </Form>
  </FormSettings>
  <Permissions>ReadItem</Permissions>
  <Rule xsi:type="RuleCollection" Mode="Or">
    <Rule xsi:type="ItemIs" ItemType="Message" FormType="Read"/>
  </Rule>
  <DisableEntityHighlighting>false</DisableEntityHighlighting>
<VersionOverrides xmlns="http://schemas.microsoft.com/office/mailappversionoverrides" xsi:type="VersionOverridesV1_0">
  <VersionOverrides xmlns="http://schemas.microsoft.com/office/mailappversionoverrides/1.1" xsi:type="VersionOverridesV1_1">
    <Requirements>
      <bt:Sets DefaultMinVersion="1.11">
        <bt:Set Name="Mailbox" />
      </bt:Sets>
    </Requirements>
    <Hosts>
      <Host xsi:type="MailHost">
        <!-- Event-based activation happens in a lightweight runtime.-->
        <Runtimes>
          <!-- HTML file including reference to or inline JavaScript event handlers.
               This is used by Outlook on the web. -->
          <Runtime resid="WebViewRuntime.Url">
            <!-- JavaScript file containing event handlers. This is used by Outlook Desktop. -->
            <Override type="javascript" resid="JSRuntime.Url"/>
          </Runtime>
        </Runtimes>

        
        <DesktopFormFactor>
          <FunctionFile resid="Commands.Url" />



          <ExtensionPoint xsi:type="MessageComposeCommandSurface">
            <OfficeTab id="TabDefault">
              <Group id="msgReadGroup2">
                <Label resid="GroupLabel" />
                <Control xsi:type="Button" id="msgReadOpenPaneButton1">
                  <Label resid="TaskpaneButton.Label" />
                  <Supertip>
                    <Title resid="TaskpaneButton.Label" />
                    <Description resid="TaskpaneButton.Tooltip" />
                  </Supertip>
                  <Icon>
                    <bt:Image size="16" resid="Icon.16x16" />
                    <bt:Image size="32" resid="Icon.32x32" />
                    <bt:Image size="80" resid="Icon.80x80" />
                  </Icon>
                  <Action xsi:type="ShowTaskpane">
                    <SourceLocation resid="Taskpane.Url" />
                  </Action>
                </Control>
                <Control xsi:type="Button" id="ActionButton1">
                  <Label resid="ActionButton.Label"/>
                  <Supertip>
                    <Title resid="ActionButton.Label"/>
                    <Description resid="ActionButton.Tooltip"/>
                  </Supertip>
                  <Icon>
                    <bt:Image size="16" resid="Icon.16x16"/>
                    <bt:Image size="32" resid="Icon.32x32"/>
                    <bt:Image size="80" resid="Icon.80x80"/>
                  </Icon>
                  <Action xsi:type="ExecuteFunction">
                    <FunctionName>action</FunctionName>
                  </Action>
                </Control>
              </Group>
            </OfficeTab>
          </ExtensionPoint>
          
          <ExtensionPoint xsi:type="MessageReadCommandSurface">
            <OfficeTab id="TabDefault">
              <Group id="msgReadGroup">
                <Label resid="GroupLabel" />
                <Control xsi:type="Button" id="msgReadOpenPaneButton">
                  <Label resid="TaskpaneButton.Label" />
                  <Supertip>
                    <Title resid="TaskpaneButton.Label" />
                    <Description resid="TaskpaneButton.Tooltip" />
                  </Supertip>
                  <Icon>
                    <bt:Image size="16" resid="Icon.16x16" />
                    <bt:Image size="32" resid="Icon.32x32" />
                    <bt:Image size="80" resid="Icon.80x80" />
                  </Icon>
                  <Action xsi:type="ShowTaskpane">
                    <SourceLocation resid="Taskpane.Url" />
                  </Action>
                </Control>
                <Control xsi:type="Button" id="ActionButton">
                  <Label resid="ActionButton.Label"/>
                  <Supertip>
                    <Title resid="ActionButton.Label"/>
                    <Description resid="ActionButton.Tooltip"/>
                  </Supertip>
                  <Icon>
                    <bt:Image size="16" resid="Icon.16x16"/>
                    <bt:Image size="32" resid="Icon.32x32"/>
                    <bt:Image size="80" resid="Icon.80x80"/>
                  </Icon>
                  <Action xsi:type="ExecuteFunction">
                    <FunctionName>action</FunctionName>
                  </Action>
                </Control>
              </Group>
            </OfficeTab>
          </ExtensionPoint>
          

          <!-- Can configure other command surface extension points for add-in command support. -->

          <!-- Enable launching the add-in on the included events. -->
          <ExtensionPoint xsi:type="LaunchEvent">
            <LaunchEvents>
            <LaunchEvent Type="OnNewMessageCompose" FunctionName="onMessageComposeHandler"/>
            <LaunchEvent Type="OnNewAppointmentOrganizer" FunctionName="onAppointmentComposeHandler"/>
            <LaunchEvent Type="OnAppointmentTimeChanged" FunctionName="onAppointmentTimeChanged"/>
            <LaunchEvent Type="OnAppointmentRecurrenceChanged" FunctionName="onAppointmentRecurrenceChanged"/>
            <LaunchEvent Type="OnMessageAttachmentsChanged" FunctionName="onMessageAttachmentsChanged"/>
            <LaunchEvent Type="OnMessageRecipientsChanged" FunctionName="onMessageRecipientsChanged"/>
            <LaunchEvent Type="OnMessageSend" FunctionName="onMessageSend" SendMode="PromptUser"/>



            </LaunchEvents>
            <!-- Identifies the runtime to be used (also referenced by the Runtime element). -->
            <SourceLocation resid="WebViewRuntime.Url"/>
          </ExtensionPoint>
        </DesktopFormFactor>
      </Host>
    </Hosts>
    <Resources>
      <bt:Images>
        <bt:Image id="Icon.16x16" DefaultValue="https://localhost:3000/assets/icon-16.png"/>
        <bt:Image id="Icon.32x32" DefaultValue="https://localhost:3000/assets/icon-32.png"/>
        <bt:Image id="Icon.80x80" DefaultValue="https://localhost:3000/assets/icon-80.png"/>
      </bt:Images>
      <bt:Urls>
        <bt:Url id="Commands.Url" DefaultValue="https://localhost:3000/commands.html" />
        <bt:Url id="Taskpane.Url" DefaultValue="https://localhost:3000/taskpane.html" />
        <bt:Url id="WebViewRuntime.Url" DefaultValue="https://localhost:3000/commands.html" />
        <!-- Entry needed for Outlook Desktop. -->
        <bt:Url id="JSRuntime.Url" DefaultValue="https://localhost:3000/src/commands/commands.js" />
      </bt:Urls>
      <bt:ShortStrings>
        <bt:String id="GroupLabel" DefaultValue="Contoso Add-in"/>
        <bt:String id="TaskpaneButton.Label" DefaultValue="Show Taskpane"/>
        <bt:String id="ActionButton.Label" DefaultValue="Perform an action"/>
      </bt:ShortStrings>
      <bt:LongStrings>
        <bt:String id="TaskpaneButton.Tooltip" DefaultValue="Opens a pane displaying all available properties."/>
        <bt:String id="ActionButton.Tooltip" DefaultValue="Perform an action when clicked."/>
      </bt:LongStrings>
    </Resources>
  </VersionOverrides>
</VersionOverrides>
</OfficeApp>